{
    "Year": [
        1997,
        1998,
        1999,
        2000,
        2001,
        2002,
        2003,
        2004,
        2005,
        2006,
        2007,
        2008,
        2009,
        2010,
        2011,
        2012,
        2013,
        2014,
        2015,
        2016,
        2017,
        2018,
        2019,
        2020,
        2021,
        2022,
        2023,
        2024,
        2025,
        2026,
        2027,
        2028,
        2029,
        2030,
        2031,
        2032,
        2033,
        2034,
        2035,
        2036,
        2037,
        2038,
        2039,
        2040,
        2041,
        2042,
        2043,
        2044,
        2045,
        2046,
        2047
    ],
    "Historical Global Trade Balance": [
        -6830.45,
        -9344.27,
        -12979.44,
        -6073.61,
        -7664.2,
        -8783.87,
        -14415.7,
        -23622.67,
        -26660.3,
        -59329.93,
        -88556.63,
        -118411.22,
        -109650.21,
        -119956.47,
        -183368.66,
        -190486.42,
        -135801.06,
        -137627.65,
        -119919.34,
        -109884.02,
        -162102.78,
        -184008.16,
        -161370.59,
        -102629.19,
        -190733.36,
        -529797.83,
        -482208.64,
        -126821.19,
        null,
        null,
        null,
        null,
        null,
        null,
        null,
        null,
        null,
        null,
        null,
        null,
        null,
        null,
        null,
        null,
        null,
        null,
        null,
        null,
        null,
        null,
        null
    ],
    "Predicted Global Trade Balance": [
        null,
        null,
        null,
        null,
        null,
        null,
        null,
        null,
        null,
        null,
        null,
        null,
        null,
        null,
        null,
        null,
        null,
        null,
        null,
        null,
        null,
        null,
        null,
        null,
        null,
        null,
        null,
        null,
        -122142.7890625,
        -117940.75,
        -117274.0,
        -134042.5,
        -119906.0703125,
        -117274.0,
        -117274.0,
        -117274.0,
        -117274.0,
        -117274.0,
        -117274.0,
        -117274.0,
        -117274.0,
        -117274.0,
        -117274.0,
        -117274.0,
        -117274.0,
        -117274.0,
        -117274.0,
        -117274.0,
        -117274.0,
        -117274.0,
        -117274.0
    ]
}